AADNSIRSVASC	-3.4099620789e-01
AAFARSDGSPMY	-4.7572879294e-01
AALDAHYFRHNR	-2.8750758957e-01
AALSSAPLTMTL	2.4148552851e-01
AARLWWFGSDVV	2.8501175087e-01
AASILAKQCALC	-2.5520139238e+00
AATIRLSGWVDD	-1.5707697017e+00
AATYIGSKNLDY	-2.3897638147e+00
ACTSWCNSYRIS	-2.4410570824e+00
ADALVVDRANNV	5.4899640267e-02
ADGACGTIVTVL	-1.3060771857e+00
ADGKESFPPHAF	1.9800031061e-01
ADIGYTSLPDPV	5.6572518723e-01
ADLGVLDSHTGS	-6.4278269220e-01
ADPRRMAELYLD	-9.0061195020e-01
ADRYPGRYTAFV	-1.3060771886e+00
ADYYAKKQPGSV	6.3983312803e-01
AFNGEWTTPTAT	-2.0746469064e-01
AGHASLPMLWPT	-1.1882940632e+00
AGKTVPISGSQL	-2.6233784565e+00
AGLSRTTNTSMS	-3.0277484543e-01
AGNVALYKRDAL	-9.8065474230e-01
AGRTDNSAHYFM	-1.1882942282e+00
AGSGNYQLGSDE	8.9114752248e-01
AHDPFPMRLLRA	1.5217741058e+00
AHSGLKPIASLP	4.8568224003e-01
AIGDLVEHAWST	-5.9044627557e-02
AIPFVPGLNEPI	-2.9059456983e+00
AKGWTVDWWKYL	-3.4099616591e-01
AKVYVVNGESRS	-1.6211580960e+00
ALATGISWLSIT	-1.6543837586e+00
ALIRPYPGVWSL	-4.9514685469e-01
ALKELGLDSAGS	-7.7891484036e-01
ALMMPLYNSGKF	2.1627791171e+00
ALPPEASFLNMP	-5.3314049280e-02
ALPPLYAALDPR	-8.9681827164e-02
ALPTIGLKHSWA	1.6431350317e+00
ALQLDVDCTKNT	-2.0746494030e-01
ALRDSLFQNGTT	5.6572508648e-01
ALSTPHVFYTPR	-6.9994143825e-01
ALVNNREMNTSR	-1.2007164954e+00
AMPVDHLWSYFA	-3.0754822160e-01
ANTRGYDEIRSG	-5.3288715249e-01
ANYFGMPRFVTT	3.0336083474e-01
APDLPFVSEFKL	-2.4587567862e+00
APHFTWNYNSNL	-2.0746488906e-01
APHYLNGGTNPT	-3.2524772429e-01
APKCDRYLRFYA	-2.5224722415e+00
APRIYAIDHNSF	2.5005854379e+00
APTNGTYEVTLR	-3.5406828434e-01
APWLDFMDWYRL	-1.7479098147e+00
AQPHGYLSNRGA	-1.5231416754e+00
ARLDITSVLALV	-3.7931510553e-01
ARLTSLWHDVIN	-9.0061208243e-01
ARPALCQQNYSS	-2.1327557448e+00
ASDFLAVPHDNV	-1.5573916031e+00
ASPDSGGEHQWW	-7.0823997888e-01
ASPFIESLLSFI	-1.8892232833e+00
ASPVWVWPSALN	-4.9514700068e-01
ASQMPLSVTLGT	-1.3060771443e+00
ASRLFSPEQFPN	5.5467518376e-01
ASVNDVNSAVYS	1.3506797956e+00
ASYALDPRSYFK	-7.4758663172e-01
ASYCGTTNRCTL	7.3351838412e-01
ATIYESLTHDGF	-1.6094484226e-01
ATTEMDLTNSSR	-1.4804302390e+00
ATTGSRNTVTWI	-1.9824171071e+00
AVMSYELESPDT	-2.0746481346e-01
AVPWNRILQEKF	2.6253866380e-01
AVRSPGHDWLTY	1.9207670206e+00
AVSGPPGYFLSR	-7.1829045852e-01
AVSNSGMPLCVT	2.0805074659e-01
AVTSKTNWWEGI	4.8568243346e-01
AVVQLEHILLHL	-1.0403740689e+00
AVVYQNPTSIDD	8.8380578280e-02
AWCNNRLPYKTH	-8.4345359317e-01
AWFHSSDKNFRI	-1.8588668095e+00
AWHDQPVNLGHL	-1.2319691965e+00
AWTKFISTPQVI	-2.1974996189e+00
AWVPYSTGMAPV	-1.8169028192e+00
AYDFNKTSLPVQ	2.2202833313e+00
AYISRLPINNKL	-1.0284454247e+00
CLAGLLYNNISL	-1.8169025611e+00
CPKHNYGPPVSK	-9.4940223175e-01
CPNYNEFRRFSL	-1.1629762893e+00
CPVRVDGSLLLT	5.1847215537e-01
CVHSLCQLSTYI	-9.9022400054e-01
CYPQAWRTPSSF	-2.7978549930e-01
CYSSLLSSTPSL	-2.9903200240e-01
CYWAQDAHCSPA	-2.0746485507e-01
DADWLSSFISRL	-1.5511997285e+00
DASYILPGSVRS	-9.0061197977e-01
DAVSGDHLPIGP	2.3882223877e-01
DCGPGGCTPISA	-6.7008822580e-01
DCSTAVQLRSIR	1.6025999904e-01
DCSTPASKLPCL	1.4842112697e+00
DDTAHLYQFFTN	4.3849720394e-02
DELAMSLVQSHR	-4.0410623260e-02
DESMATRDGHTN	-8.7463642516e-01
DFVRSGGGLMYV	-3.6316475502e-02
DGILNANATLMA	1.6237362730e+00
DGLWPSWFATHP	-1.3495622723e+00
DGQVRTVFSIPD	9.2563349958e-01
DHDRSAWVYSAD	-1.9614838812e+00
DHSEYGSSKKLA	-2.4974711005e+00
DHVGPVLDNLSM	-1.7760807825e+00
DHVPNHRYSPFS	-1.0829332909e+00
DIGAPVDQTWSW	-3.8112831605e-01
DIGNGMRPNWQS	1.2900742558e-01
DIRHTRTNPWNM	-1.2707377779e+00
DKLCNFAAAVRV	3.2661779998e-01
DLCESCGILSYE	2.9709121890e-01
DLLVEAYRFNAV	-4.3060828805e-01
DLRIQQILTYLD	-2.4494254647e+00
DLTPSHVASITG	-4.3060849277e-01
DMYSWQRVYEYL	-3.8978637646e-01
DNELMRDYFWNF	-1.0947681568e+00
DPCGERICSIAL	5.9104285803e-01
DPGVKQLLRSWT	1.0197648819e+00
DPKMMLPRDTSF	-3.2524786386e-01
DPLLNQLHRLLS	-9.2959944247e-01
DPPTSRIPQSTS	-5.6413961308e-01
DPSYKHLPTMLA	-2.2551575154e+00
DQAGGLISPRSS	-7.4646128261e-01
DQKVTYHEYITF	-6.1292982013e-01
DQLNTRASSMRA	-1.2233853039e+00
DRAFVMHHGTHF	-2.9695823717e+00
DRAHWTPRMFPW	1.4301438913e+00
DRFINEGLVPIG	-6.7746839328e-01
DRITLPHFMRAF	2.9152645310e-01
DRLASSVLSKAR	-3.0791445492e+00
DRTTGTMLVEYG	3.9037214195e-01
DSAVYFNHGSHV	2.7281636382e+00
DSFTAQTMGDTI	3.3153168688e-01
DSILNEMAHTRE	-6.4278273047e-01
DSPTRTLLTHLS	-1.0902463425e-01
DSQSLSIFSGLG	-2.5745884976e+00
DSRNILLEVQTL	-1.3335674280e-01
DSSALVLADGAV	1.1701713650e+00
DSVAGHKCAVAK	-2.5242345138e+00
DSVFGYLSPHIA	2.7756887587e+00
DTFTRTFNTDLS	-4.6529393355e-01
DTYLEHFLAHYA	-2.3886890083e+00
DTYTMSCMVPHC	-5.8215832014e-01
DVASGRTWYSGV	-2.0102740211e+00
DVMNRPHGLMPP	4.3916227067e-01
DVNEYTGTTRIV	-5.1761948285e-01
DVSAQSTFPLPR	-3.1282531963e-01
DVSSYRPVSGNP	1.4148804390e-01
DWISADGMSAPG	-3.4099611531e-01
DWMQPVKRDLPR	-6.0861346697e-02
DWNMMMTHHEIE	2.1741843873e-01
DWNPSVHDRIRS	5.4630718019e-01
DYRPDNSYIELA	-2.7118065569e-01
EAATHDSYMAPR	-7.3071276299e-01
EAIIQLFQGVGL	-4.1718536611e-01
ECYHGFCNTLQL	-3.6403382028e-01
EDAANALSDNVK	1.8593980585e+00
EELYRSLHMSDL	7.7336445833e-01
EGHPGNPHPFLQ	-1.8960399362e+00
EGIDHTGLSPVQ	-9.7363715974e-01
EGPESSMRSWTQ	1.1362699707e+00
EGRNYPAHRTAL	1.6170844680e+00
EHYSSRWLTSVL	3.3153177462e-01
ELAQSSTCPSKS	3.3697352253e-02
ELQKHTEPMTDM	-3.9625890930e-01
ELQVEAYAQSGH	-1.1725456898e+00
EPCWWCPLGDKS	-1.5157975599e+00
EPFDWSFLYRSY	-3.4099610129e-01
EPKVNSLLVHYY	-1.8603879165e+00
EPRLLNMHDLLF	-2.0746484949e-01
EQSNNVTGSVMH	-9.3835219804e-01
EQVPYDSEFPTM	-8.4345365474e-01
ESAVTRNLLNSI	-1.6833713162e+00
ESFLVAWMERTY	-1.8461018029e+00
ESGVSRVNMFGQ	-2.0746481874e-01
ESLNWCSVCVSR	-6.5601352042e-01
ESNDVVIVPHSQ	-1.0742754601e+00
ESSTSSQLLLDD	1.5153016612e+00
ESSVRDYQRHIT	-8.0904457726e-01
ESVFALVEDVYV	8.5114216011e-01
ETGHPCSGRMGA	3.1427169111e-02
ETLSACCADIND	-2.3886889267e+00
ETSVVTDARRSF	1.4742937758e+00
ETTDFSGDYALD	-5.2591848418e-01
EVGVNNARTSTR	1.4199916921e+00
EVLKTRVAWGHS	2.1997928749e-01
EVPSAREHLFTH	9.5177206763e-01
EWFAEAVLMDDF	1.0357286587e+00
EWPRLSPVQVIM	-9.6960481482e-01
EYGSHHFPQFDG	7.0882582122e-01
FDFWTYLPGRTI	-8.1360054176e-01
FDGPTTAINILK	-6.1292992690e-01
FDGREQSNDVKY	9.8878577890e-01
FDVPWTGFPRFR	1.9800050844e-01
FESYWPSYFPQW	-4.3060826493e-01
FEWNLSGWANTY	-4.2452931277e-01
FGGYAALHLAPD	3.9867099524e-01
FGKVAWHEHPPN	2.6795881762e-01
FGQITSPNLTEH	-1.3359299269e+00
FHLEYNTSTAPT	-5.6891961745e-02
FHNIPGVANDLH	7.4804666031e-01
FIERITPIASRD	-1.2742207031e-01
FKFGLAASQDTF	-7.1829036603e-01
FMSGVRDFPTLA	-1.0284453841e+00
FNADEWSSYNSF	-1.0183949588e+00
FPFPAMHGPSYY	8.0413599352e-01
FPFPSPEDSDRR	7.2930443584e-01
FPNPTHVDVSTY	-5.3314225872e-02
FPVAEEPILLVS	1.4842112406e+00
FPYLTKGVESKP	-3.0277500004e-01
FQVLETGTGRLT	-6.0861326450e-02
FRADPVPRGNLT	-6.4929756428e-01
FRSVYASPVPPM	1.8169169436e+00
FSCTNRDCLSKE	-1.1237555655e+00
FSGNQASFWSTD	4.8568224594e-01
FSMDTYVHGGRQ	1.5678863414e-02
FSPVHFDTPRNS	-1.6543836273e+00
FTAFGSATRSTE	-1.7656093738e+00
FTHECCSYGQTP	-2.4046894354e+00
FTSEFMSGDNER	-9.9158370866e-01
FVGHEGFRPAAT	3.1127635985e+00
FVIPTVSNSAEF	-5.2591857336e-01
FVPAASHGLNRL	3.6308006313e-01
FVSEPRGQAGLF	-1.1725457644e+00
GAAQPHRLGMLY	2.8923926490e-02
GAFTPNSIRSFQ	-2.1533750696e+00
GAGTAGLHRIVF	-2.2938267621e+00
GAHIDPEPSVNW	9.8645757892e-01
GALWERTRHYLN	-1.1649293945e-01
GAQAAESQGAYV	7.2052198298e-01
GAQPQNNGFQGL	-1.2534332215e+00
GAQQIYPTHMAA	-1.7944296770e+00
GATYGTNSERQT	4.4123081203e-01
GAVSVAHNESRT	6.4695058350e-01
GDFMRMVIEHVR	6.7983835196e-01
GDHLSLVSMLVP	-7.8282874068e-01
GDVNPSYVPGAL	-3.0277492304e-01
GEHPVTFPIFGY	-1.7041070566e+00
GERFLTPTRPLI	8.0217328855e-02
GETRFYNHLSRD	-2.0746474694e-01
GEYHGTAWTRVY	-8.5805243954e-01
GFAIGRGPYPGV	1.3431328416e+00
GFHIMHNAPARA	1.1098892773e-01
GFIGNISSLRWQ	4.1824110529e-01
GFSQSPTVSHSP	7.7336460724e-01
GFYHYKPGTNPV	-2.5875797043e-01
GGGSAFRVSSLL	6.6800396263e-01
GGSFSSISSRLY	-1.8327760543e+00
GGYNTASQVAVH	5.7269382218e-01
GHDGMRTTVATD	-1.3468990768e+00
GHELDLKYHIYS	-3.2524774773e-01
GHLEDTLVHDIS	-1.4648255234e+00
GHSELEKRRAGL	1.4921009942e-01
GHWWSQAYDMFL	-1.9251162747e+00
GHYGKERTLASV	-5.9523042527e-01
GIHPKLTLGLPV	-6.1292986856e-01
GITHVTFVQAHE	4.3438885873e-01
GITLRSVPCEIS	-2.8157271984e-01
GIVRHDDNSEPF	-2.0746466902e-01
GIYLFSSPASSL	-2.0746491436e-01
GKVTTNQVVRPS	-4.9514692685e-01
GLDVLFMAERTT	-9.7659772037e-01
GLHSPEHRGGYM	1.1169542270e+00
GLLHLDNLPYEP	-4.9514680580e-01
GLNGTLIHKNLH	2.3436806320e-01
GLNVRESSHYAY	-9.2308487592e-01
GLPINNSYMRTR	7.0882583475e-01
GLTHVTDNYNPK	-2.0746483851e-01
GLVHPHPYDVVR	2.7804295222e-01
GLWYPGFFQRYL	-1.4361302573e+00
GLYTPGTFIGTF	6.6800395521e-01
GLYWSNNRGSQV	1.2000317224e+00
GMKQAVSFRSLS	1.3729856310e+00
GMPDHMSYKTHA	5.4899572798e-02
GMTCPRLLCLDH	-2.0746471937e-01
GMVQHGLNDEFG	6.4695046688e-01
GNAPDRTHESGP	-1.6890691937e+00
GNEMGEIQPISR	-2.3558991961e+00
GPAVPISVNMTR	-1.4114374671e+00
GPDQHFVFFPLR	1.9660900544e+00
GPELLQYSLDGD	1.0246788212e+00
GPIFSFTGVTAG	1.2013024975e+00
GPIRTWTSMGMQ	-2.0746489370e-01
GPLHEIKCCQAE	8.1838810808e-01
GPLLLENLTFCN	-9.6960480052e-01
GPLWPSFFNYVM	-2.4761484087e+00
GPMHPKWVGSQR	1.1098904619e-01
GPPYMASAGTFM	-1.4602279520e+00
GPRMAHVEIYGD	-2.0901961757e+00
GPYPWILQGTEQ	-3.0826953784e-01
GQALPHTRGTLL	1.4019730409e+00
GQVDEAHVGCPN	-1.8169029139e+00
GRAHAIVHQYQQ	-1.7798613327e+00
GRIPFAPSSAAA	1.9241624640e+00
GSHTYKQVDSSH	-1.9751266244e+00
GSNNARQVGTVY	-1.5030629375e-01
GSTSTHGRMERT	5.7423583079e-01
GSTYGEYLSNDH	-7.0645596674e-01
GTATSPDYFPGM	2.7804285766e-01
GTELANHALTRS	3.5215113263e-01
GTSTFVDMMADD	-4.6339818528e-01
GVDHKYRSATLQ	-7.0824015015e-01
GVDPRFDSRTQF	-5.8215842739e-01
GVEQPLKLFPAY	-8.9681715210e-02
GVHMGLLRYPAE	-8.4345374690e-01
GVPPLFTPSRLV	-1.1923182067e+00
GVSHSSCCQWTD	-9.8065458663e-01
GVTGFPLSLHLA	6.2544426680e-01
GWRHDFCPCKAS	2.6253868242e-01
GWTKSMPACMKH	-1.2045338793e-01
GYQAYLPVLNPT	-1.4953191004e+00
HAHPVLNFRATN	-8.1360054090e-01
HAHTVPGSTSLT	-7.5953355482e-01
HATPGKFMVGLN	5.4630688726e-01
HAWPFYASANPE	8.3985415423e-01
HCSHLGSISRSC	-1.1054061171e+00
HDGFWQSFDLRL	1.0803893985e+00
HDKTSLRHIVRI	-1.2045347196e-01
HDMIPWARYHDY	-6.4363877908e-02
HDTHLTSVYAPT	-6.1292979096e-01
HEAPAQHLISHP	-3.1282536751e-01
HERSSLDYVASH	-3.1367518597e+00
HETGPRINAESP	-2.7529962455e+00
HGFVDKITRAHG	-2.6373116140e+00
HGTALKPFYHHD	5.8099251614e-01
HGTNLMSAMVMV	-1.3468991585e+00
HGYAHPNNAPSA	-4.5877928609e-01
HHCHDCYWMRFF	1.9127988927e+00
HHDDVHCTPCTL	-2.1858103097e+00
HHTSRAFLNWPN	-6.4278277461e-01
HIGRTHTLLVVG	-7.1829028681e-01
HINNQLANRGGV	-2.0746473716e-01
HKIVNTVVPFKR	1.6025996833e-01
HKSGQLTDVWRW	-2.0746479416e-01
HLGFKAGGAYIV	1.1362697082e+00
HLNSYSARVHSP	2.5789838203e-01
HLPHPTSRMTQE	-6.1292994061e-01
HLRCTVETVRLC	-3.0924749948e-01
HLRQDLDNMYSL	-1.1882941244e+00
HLRTPQPDWSLS	-5.6413972456e-01
HMHVMSSMSPRN	-5.6413969741e-01
HMKDVNFLLHLA	-1.3060770374e+00
HNALRASASGYN	-5.8215821335e-01
HNDNNTDQTWWW	-1.2408304988e-01
HNSSHDELVSSR	1.5354858113e-01
HPCTSLCLANGS	1.7202483575e-01
HPRHNPMNTWRL	-2.0746455683e-01
HQGLMAKARSPA	-1.0765027418e+00
HRETIMYSSVMV	1.4136690740e+00
HRMQVATMTVQE	-1.0749652431e+00
HSGSQCLSMMCS	8.0217282425e-02
HSGSSAVNNRLN	-5.6291959291e-01
HSHHIDTYIGDH	-3.0277493716e-01
HSKHHADPVVQS	-1.8169027429e+00
HSLAVDQRWLFV	-3.2809282984e-01
HSLGKTNLNTNL	-1.3468991242e+00
HSSWSRPVPHSA	1.3471649107e+00
HSWPHHITNWGT	2.8088815350e-01
HVAKNMSVHGRI	-1.1402847552e+00
HVNDSQFVHRLV	2.4517951291e+00
HVQVPLTDPDPS	-2.0746485007e-01
HVQWRDRNVIEW	-3.2524774962e-01
HYSRYTPNATAA	-7.3933439859e-02
HYSSPLTLGAYS	-5.3314136560e-02
IAKGAMPLLDCA	6.7983850192e-01
IDAGVNKNFRVK	-1.0947679012e+00
IDRSQSWSTSLW	-1.1725455245e+00
IEGDHSCGGFTH	-1.1215456172e-01
IEWDELLEHFAS	-1.4292620927e-01
IHAPWPGYFWQP	-1.3861197903e+00
IHLEGRSFDFLA	1.4760812175e+00
IHNVDLAEVPRT	1.9800041983e-01
IHWPAEMWDNMV	-1.4185550196e+00
ILQNGYASTTPM	-7.6708050552e-01
IPHTVYASPLNG	-6.0861422040e-02
IPLYEPAGSTPL	1.1142909245e+00
IPNGIMATHQRH	-2.0746471630e-01
IPRNCCDKWFYN	-7.9525145413e-01
IPSLPVVVRFDT	6.1921373539e-01
IPSWPTTHALSS	-3.6161543407e-01
IPTSVHGNPYGR	-2.0746485530e-01
IPYSLPGPYYHN	-1.0547625526e+00
IRPQLFNMATYV	-6.1292984000e-01
IRSLPLPLYHVG	9.8211910019e-01
ISTRDASNQWVQ	-1.0754743734e-02
ITNSHVAQDPTW	8.8157819054e-01
ITPEGTNPNGLA	4.7370617660e-01
ITYTGVSGEPPQ	4.5582951889e-01
IVENHADLWRES	-9.0061223399e-01
IVGTGSLFSQVT	-2.6808931006e-01
KAGLDMNKRRPL	-5.3313887897e-02
KETIDWSVMIDL	-1.2683368039e+00
KEVWDNDPTKLS	-3.8978616149e-01
KIDNHSGTQDPS	2.5206761569e-01
KLPDAAHPNNTL	-2.0746496911e-01
KLSWSLEGYWHI	-2.2869063233e+00
KLVVGDCSISEH	-1.8688624654e+00
KMSGPLLDGPDR	5.6166834779e-01
KPHWKNQDGLMI	-1.2080965090e+00
KPQIVLTNLHVK	-6.4278271554e-01
KPSPHYDPSTGS	1.6025997622e-01
KPYWSANNGNMV	-1.6450523552e+00
KSIVSTGNYLRH	1.2292602488e+00
KTAQGGPAIGMT	-1.6245307927e+00
KVLEDNYPHSIN	-3.0754828551e-01
KVQCCTGATLLG	8.3985430129e-01
KYPVHTMFSGRI	-5.7037026125e-01
LAITVNGRILTF	-1.2836041897e+00
LANRSGGYGSMV	-1.2883775895e+00
LAVYASHMPTDT	-2.0598488659e+00
LAWKAYAFVPLP	1.5679021061e-02
LCTNFPSFCMGQ	-1.9669634482e+00
LCTNQHPCPRST	-1.3525971940e+00
LDAAAPSAIGVL	-8.7651433137e-01
LEFPFSLHDPFR	-1.0437125871e+00
LEHSNYFYRLAA	-1.0457937761e+00
LETMYKRYDYSV	-8.9681901200e-02
LETTHRNPAPHF	-1.0878234142e+00
LGGRPPDHVYID	8.0413614280e-01
LGWRNSDHQNDW	9.3766749928e-01
LGYNNWLFVSQK	-3.1282515461e-01
LITARNITGHLP	-1.2703588553e+00
LKAGSFAGEQLA	8.9114746527e-01
LKHNLTYFSANN	1.4921037916e-01
LLGDTCDRLADC	6.0346566270e-01
LLGDTVTMPSPN	-3.7504925689e+00
LLLQSNSHPRPT	8.4235750925e-01
LLNNASERTVLM	3.3153168288e-01
LLVGIDPLHEQV	-2.0746491244e-01
LMATVSNSGDVT	-1.2037982056e+00
LMTARHPIERST	1.6078251267e+00
LNHDFAGRPYLT	-4.6339813664e-01
LNHPNYQMRMMS	-5.3314263020e-02
LNYPPAISPAKP	1.1216710653e+00
LPAGYSSPSTSP	-2.6153216347e-01
LPGSSILMPTGR	1.1943339557e+00
LPHQTGSYNLYG	-4.3060829328e-01
LPIWTGQQRLTG	4.3849627812e-02
LPLRFHEYWTTR	-9.7363725576e-01
LPMPMQLSQAGL	2.3239619697e+00
LPRSMGHDSNMY	-1.1760239871e+00
LPRVHGAWFTNT	1.5073337605e+00
LPTAYWLEAEEF	-6.1292979308e-01
LPTKFHHWHSLP	-2.5396087032e+00
LPTTIRDLTTHK	-2.9529024895e+00
LPWSRNEFNVNV	-2.0746466764e-01
LPWVVVTDALGS	-1.4396084235e+00
LPYCPPLCVSPF	-1.5067477010e+00
LRHHPFSAPSVS	-1.0183948934e+00
LRTEMAVAMLAT	1.0292977040e+00
LRYHAYDWLATS	-2.1045846699e+00
LRYVNITHGSSG	-3.6465053115e-01
LSFLAAEADGPN	-6.5945008006e-01
LSFPRGSDVSNM	-8.9681751923e-02
LSHPQHIKLSPA	-6.4363897675e-02
LSPRFYNPYLSS	-7.7544884220e-01
LSPRNGFTTSGE	-1.4114375032e+00
LSPRTAEYGDYL	1.4019732320e+00
LSPYLPHTKHSM	-6.1292989716e-01
LSQCWTPCVRYG	3.6505439189e-01
LSSPAQSDKTEQ	-1.2449894714e+00
LSWELVYEHLGI	-1.0829334874e+00
LSYNLSNHQMQP	-7.4859592499e-01
LTATTVGEFPVP	-4.3060827461e-01
LTCNGPFCLGYW	-1.5030619127e-01
LTHDWWATPTWV	6.2198853838e-02
LVLPNSSRDHEG	-9.9339348197e-01
LVLSRESPDPMV	-1.3970491685e+00
LVRTEFDSLLSQ	-8.3607346220e-01
LYGQLSLMPIST	-1.7879153256e+00
LYLTSAGLSFDK	-1.1202407147e+00
MADDDALPIFIP	8.0217261380e-02
MDEVLSSHKRLL	-3.0533978282e-02
MEGGSMQGSNPH	1.9472002390e+00
MEPIYCCTYDAY	-1.5157976577e+00
MEREIPRTGLAS	-3.5406825219e-01
MFNPSMDTQWRT	4.8568229115e-01
MGDLSLRDYKLY	-2.1790174473e+00
MIDPDGRYTFGP	1.4972834032e+00
MIKPTTHPRYYA	-1.0437127913e+00
MLTTVKTAPRCL	9.5568604484e-01
MPDVLYRFNELM	-2.7287392150e+00
MPNLPLFIMQSQ	1.9070681802e+00
MQMNDDYGSERG	-3.6780746484e-01
MSDEVRNITTAL	3.9471082743e-01
MSTKMRLESPWA	-5.3314235672e-02
MWTKYWPLESVQ	-3.0277500831e-01
NAAPTSRPLLTR	-1.8169026695e+00
NALQYFKADSFK	-1.3308731831e-02
NAPNAPLKAHNT	-1.9805320242e+00
NARMNGLVHQSA	-1.6345811870e+00
NASTHRAYLPPA	-8.4345346222e-01
NDLLSMNNLDQF	2.8897225175e-01
NDTTASNYVYGT	-1.3424447693e+00
NEPLNAYIQQSL	-1.2045342322e-01
NGLKVSVLDRWM	6.2181483165e-01
NHNVVMAPRYAG	3.1578335601e-01
NIDTPLLMNPKL	1.2518547639e+00
NILTGGLIVSAW	3.2316339168e-01
NILTQGEHNHGG	-8.9681620617e-02
NISSSRYDYLNP	-2.0746496640e-01
NLGALCKNNCAV	-5.2591837139e-01
NLGNTVNSEAGH	-1.0724621155e+00
NLLPLTIMHKTL	7.6439582294e-01
NLQEFRSMTENH	-1.1237554825e+00
NLRLDTAKTGDW	1.0918182153e+00
NMHKVHERGTVS	-6.4929755157e-01
NMQQYVSTRSGA	-7.0112235001e-01
NNMWTKYVAMAT	-9.5467908023e-01
NPGTSMFRVMMP	4.6036465291e-01
NPQFREGLPFTG	-1.2045326682e-01
NQDSHPSRFHSN	-9.0061182138e-01
NQEAIFWTIRHP	1.3766551160e+00
NRVSDHLVRAVS	-5.6413973942e-01
NSASRVGSDMMS	-7.6708060011e-01
NSAWSGTLIGTW	8.0217216349e-02
NSDWEDERFASV	-1.8656928498e+00
NSGSPMSLQSRF	-2.0746493221e-01
NSHNPMPNSAIV	-4.9514689120e-01
NSTLDPFKGKKW	-1.0210412714e-01
NSTTTAKAVSSS	3.3153176115e-01
NSVEASTKRTML	-2.2808431545e-01
NSWLARNSIGVT	-2.2754778107e+00
NSYDTFEMSNAY	1.3428444557e-01
NTPDDGPDLLLR	2.1669245523e-01
NVAFYHSRDLTH	-1.0210407470e-01
NVLGNVNYHPHV	1.4721772853e+00
NVTFLNRVDRTF	7.8114657637e-01
NVWRHGGGYPTE	-4.9514681500e-01
NWHSQGHYHKRA	-4.6697600504e-01
NWVADIMCQHDC	-7.1829041122e-01
NYQPQSALMTSR	-5.3313976516e-02
PKAAARLNLDSW	-5.1761969483e-01
PWARATEGHASF	2.1817346708e+00
QAFDAYHDDRGV	1.1788296599e+00
QAGTCRSYFSTP	-1.3601442610e+00
QAIGWISLWDHL	-9.0061194392e-01
QDDWSLQNTIRT	-1.1978634829e+00
QDWYQMYRQYLT	-7.8282908545e-01
QEDCMYDQHPAL	-3.2524789626e-01
QFHTVHFHDGWN	-5.2112236151e-01
QFKSNHSWPCNS	9.5177212909e-01
QFSTSYPPMIRS	4.5751150582e-01
QGGTSAERSSMV	8.0217384589e-02
QIVALAGGKVLA	-1.4037155067e+00
QLHGENLMKYAV	-8.9681787855e-02
QLPSKNPLMYLR	-8.3607330191e-01
QLTLFSMVLTHN	-4.9514687259e-01
QLVATHMWAEEI	1.5678719161e-02
QMAMWDDFILDM	-1.2742188979e-01
QMPFPKANPVTG	1.6025988169e-01
QPCCLCPEGQLS	-1.2572869627e+00
QPMAVKVPCDNY	1.0452980939e+00
QPSSDFGTQCCR	-1.9504340267e+00
QPVPSGYPKRLW	-5.3314262045e-02
QQGIDVPHSSTN	-6.1292976099e-01
QRLHELLSGTLL	1.2389250342e-01
QSLSTLVFTSSD	1.2741399440e+00
QSPNMAMNVYRI	2.7210829236e-01
QSRLMLFKWPHV	-1.2415386441e+00
QSSSWVTPVHLP	-1.4804304012e+00
QSVQFAMSKASG	-3.1008524796e-02
QTALYGKPLPSS	9.3196950030e-01
QTQLRATVLNSR	8.0217139478e-02
QTRHLSYQHLVA	-3.5056581882e-01
QVEFGRRDIPRP	1.8356090933e+00
QVENLMALEVTL	1.1601375170e+00
RAGIDDHSYYLD	-1.5937591336e+00
RAYSSHDINMRP	-8.5805227952e-01
REALWNSYHGRA	-1.6128072181e+00
RIEIDNWMGVIA	-2.0746483052e-01
RIPMMDMAMLRD	-1.8169027694e+00
RLAHNLDPQYDM	-1.2272963320e+00
RLELTWDPPVHS	-1.5573915234e+00
RLFAYDAARPPH	7.4161576423e-01
RLHDSNFHVPIY	9.3766757312e-01
RLPELGEMSIEV	-4.7572887477e-01
RLPVSFLNAWSL	-9.0061193601e-01
RLSHMPEAHAYL	-2.5745884477e+00
RLYTGSWDSLAY	-7.3933533690e-02
RMLTPSLAMYSS	-3.8978637153e-01
RSDVLSWHPMSG	7.7336449151e-01
RSFENTSNLCPP	-2.4520519384e-01
RTFTDYLYALWQ	-2.3024104348e+00
RTGHTYMEWQRN	6.3983308694e-01
RTSSSAHDTWTS	-4.3798850282e-01
RVHGSISDYINI	-2.0746474087e-01
RVLLTENYQTSR	-5.1761963121e-01
RVPEMDFHAMYA	-5.1761984481e-01
RVSSSMTVEKHL	4.9810489854e-01
SAAGCPADLIAC	-1.1237556641e+00
SADLHSDTTSPL	-8.7394376051e-01
SAGTDGAVNLRN	-9.0061206448e-01
SAKISVPEGSYL	-5.3288710031e-01
SARLDFTSRGNP	1.9800026043e-01
SASPPQWGVLTI	-2.6053601462e+00
SAVNYGSQINGA	-6.1292996193e-01
SAWDHIYNFYIQ	-2.0746487030e-01
SAWDRTIMNSSI	1.1601375063e+00
SCCQEHLKFLYI	6.0346543860e-01
SCGPRLEHILCG	-1.9566646454e+00
SCLITSLCGHTK	4.0563986287e-01
SCSNWEMRGNCN	-1.9600034400e+00
SCSNYCSLYYTH	-4.5877922642e-01
SDHSQWYAMLPH	-8.3607344050e-01
SDPHGSYSWLAT	-3.4099636868e-01
SDTSYSRAAVRP	-5.3023806746e-01
SDVSSELPREVE	-9.0061203228e-01
SDWYKPTIESHK	-7.6084992681e-01
SEAMVQRLVDAT	-7.3933486854e-02
SENTSNSSLNKS	1.2232813966e+00
SEPSAVTYTPYG	4.1721482539e-01
SEREPSDKSNFS	-7.6708057325e-01
SERMDPGNARST	-1.6227468344e+00
SFDSIRTWGWKR	-6.4929754227e-01
SFGPTTERNIVS	-5.8215820197e-01
SFHTSPFTSRVD	1.6026000107e-01
SFMSLQESYAMR	1.5678697901e-02
SFPPDDRLRFSD	8.0217457442e-02
SFVNKHMGNRPI	7.0416386008e-01
SGASNYRFVVGA	3.6789930019e-01
SGFFAGEPNEPF	-4.2384929606e-02
SGHLSSVWASVW	-9.4940220062e-01
SGHWGAKYLTVD	-2.0792670706e+00
SGILQPWLWPRG	1.4972834145e+00
SGITNGFPNVKP	-7.3809297301e-01
SGLLFRGLTDNR	-6.7941796311e-03
SGNTYTHAMFVI	-6.1292985982e-01
SGPSDWLHKGVL	3.9867092553e-01
SGRSLSVSSVAL	5.2342261879e-01
SGSAFPIMLDET	-6.3824764578e-01
SGSAWIHQWVDD	-1.5030633251e-01
SGTFDHPEANAS	1.5217742634e+00
SGVDQGCRECKR	1.4972834012e+00
SHGPGSRPHNGP	-4.9514692578e-01
SHHNAHHTLKNV	-3.1666392650e-01
SHLESDSSHRRM	-2.4025454281e-01
SHMSVSHSTSVF	-8.4345370921e-01
SHNLHHLHWHIA	-1.4013873027e+00
SHSKESYVHTRV	-1.5620103543e+00
SHTSMFLSVWSN	-2.1970500096e+00
SHVQGSTYPPKI	9.8211939798e-01
SIGDAVLYMSGG	-9.8678960556e-01
SIPLLTFGSLWS	-4.0162056291e-01
SIQSPDLFRALI	3.0336093965e-01
SITSEACGTCHH	1.6025992347e-01
SKIHNLTTTMGH	8.0217395587e-02
SKPDAVTPQHNA	1.1098905869e-01
SKSLVPIGEIVR	7.8417544772e-01
SKSSFPYVWSPF	1.5678745574e-02
SLAPSSWFSWQY	-2.0746469769e-01
SLAVWLNAVAKG	8.3398910393e-01
SLGHVMLWPQFY	-2.0746456755e-01
SLGVAGVSSCCN	-5.8695439382e-01
SLISETHGLSTR	-1.0809936489e+00
SLLNWMHGGRNG	1.7390266490e-01
SLMKVTNIFSCC	1.4301440672e+00
SLNLSWYSFTNA	-3.0277508166e-01
SLNVADKYYYPS	-3.5588469608e-01
SLPFSAYMVSNL	-2.7638303311e+00
SLQGDSTMNKRS	-1.2059936646e+00
SLSVFEVPRILA	-2.0746499402e-01
SLSVGPEGEALS	-1.6345812824e+00
SLSVLQMRPTPL	-3.7176768287e-01
SLTGHIPFPAVH	-1.5067477463e+00
SLTHANGMNAMA	-3.7451886730e-01
SLTHVSVNIAAS	-1.9122129011e+00
SMFRVEPARVSY	-1.9587329014e+00
SMIPPSWGSAPY	8.0413620043e-01
SMLVCKDAACND	2.7804291632e-01
SMMVYENWTRMP	-7.8282902646e-01
SMPSKECVRRVC	-6.1292988060e-01
SMPSKLMTGWLN	-1.5339757393e-01
SMSNGTTPSLEE	-7.9631428921e-02
SNAHRINLTILM	-1.0547625553e+00
SNATIITNVATA	-1.4114375642e+00
SNATLRHITPFP	1.0292978236e+00
SNDARSKLLSGQ	-7.1332559745e-02
SNGHPMRVFNGQ	2.4452041316e-01
SNPGIRGGAIVQ	1.1795750630e-01
SNQLLFTLIATE	2.3899198301e+00
SNSDFPSAMSFG	-3.6161546518e-01
SNTNPIKGGYSL	1.4921014366e-01
SPALSVEDRLSM	-2.6166594352e+00
SPDRTSNSWPFK	-4.0410687184e-02
SPFMMFNQGSRY	-2.0746488954e-01
SPFSFRNGYSVT	1.4842112774e+00
SQDDWNYHYWSN	1.4084182547e-01
SQDIHPHSYRHG	-5.3314197397e-02
SQELLERLIPME	-2.9800535267e+00
SQPARIHYAHTQ	-8.1837364460e-01
SQQYSVLRSLTD	-1.4779275706e+00
SREVQFMSWLTT	-9.0061209942e-01
SRLDDLWDWGLL	-1.8526208285e+00
SRVNESNFLHGL	1.1098891522e-01
SSAGAHDLCGDA	3.1862817227e-01
SSAMHHSPFVWG	2.3009725126e+00
SSASFLPTLDSP	1.2253497892e+00
SSGVNEDPSYYY	-6.6699726325e-01
SSHITDTRTFGN	4.9525190497e-01
SSIFTVPLQSTL	-9.8065472711e-01
SSLVPNRSVHCG	-1.2319691303e+00
SSMLSVTPLDPV	3.1862829827e-01
SSNFTGSLEQSS	1.1059227447e+00
SSPEANMGIRSV	9.8211921202e-01
SSPKLPKFWPLV	2.2785308010e-01
SSPSYTQAGFPR	8.0217461475e-02
SSSDVVRCCNRL	-8.3607346135e-01
SSSGITVPFTRP	-1.1565453410e+00
SSSILAKGTIHP	-1.2934724911e-01
SSSISHDPLGST	-8.1360067179e-01
SSTDDPTVVRGF	-6.1293003315e-01
SSTYPVTVPHIY	8.1703964597e-01
SSVTFSAMKTPK	-9.9370244093e-01
STAFTQWMISHI	-1.3775361132e+00
STEEYLVFSVRD	5.4899503574e-02
STFQDNAGQNAW	1.2900744851e-01
STGHALWADIFK	1.0619259673e-01
STHSQGWLDDDE	-1.0183949420e+00
STISHFDHRHVR	8.4923287142e-02
STMFRNGPAEHA	-7.3933316981e-02
STNWGRLLDFAY	-8.3607331211e-01
SVLDATCSSCPS	4.4646169009e-01
SVLGLRTAFHNA	-5.3170451771e-01
SVLRQQVASFDK	-1.1141859420e+00
SVNTSCMRSCEP	-2.0746477521e-01
SVRTAGPVSSYS	-1.7714404172e+00
SVSASNKVANRF	-3.8181821450e-01
SVTEYRWSIGLT	5.3805047025e-01
SVWQLPATVTVY	3.9943444664e-02
SWHDSAILVHVL	2.4452033590e-01
SWLVLASGYQPK	-7.4646121476e-01
SWMPTMEAVYTP	-3.5056568259e-01
SWSDNMTTVLDP	-6.9994150537e-01
SWTFLYASLDNI	7.9106397289e-01
SWTKVWEAVLNR	-1.5424660346e+00
SYAGVSLTPQKT	-1.6490511691e-01
SYAQHGSGPYTK	-1.0006954275e+00
SYETQTRKTQME	2.1861967068e-01
SYHWISSPPAIR	-8.9681613525e-02
SYNNWASNLYPH	-3.6998358630e-01
SYRTPDLNVYHY	-2.1533749775e+00
SYSDMHHPVSDL	-3.6161547044e-01
SYWSSVTPARLF	1.7466545976e-04
TAAGTEHGETRS	1.0452980257e+00
TAFSSNFGYLKS	-1.3424446682e+00
TAMKDRCDRTVL	-4.9514697940e-01
TAPSCHELRVNM	6.5753263265e-01
TAPTTYMEPTRM	-1.1237554895e+00
TAQFPVLFKNVH	-1.9167480419e+00
TCIYCAPIAVGV	2.4452041867e-01
TDMPKHNGLNRG	1.0974840372e+00
TDSLIWNLAILE	-2.0746455372e-01
TDSWLYSRTARH	-3.8978612312e-01
TDVMALIHAPNA	-4.8075798641e-01
TEDVFWSKESYQ	-1.1882941103e+00
TETPMNHPTTIY	-1.0210428741e-01
TFIRTVSFPLRP	-2.0746471801e-01
TFMAPWIAASAF	-2.4747007799e-01
TFPSMYQMAHLA	-1.3468991541e+00
TFTSVHTHNGVW	-9.0061194091e-01
TGGHVCSFPVAC	-3.0696656702e+00
TGLSSWWEPDPL	1.1142909871e+00
TGSHLLRAETIL	-2.3822166622e+00
TGYSQTLSTWAK	5.5467534400e-01
THGVGGELMYRR	-1.3706156747e+00
THQWKPYGPHML	-5.1761970401e-01
THSCAGQVTCWG	3.1660612105e-01
TIALGMKYGNWN	-1.8450734915e+00
TINWSATKPSEV	1.9800028815e-01
TISNPTENWRGA	-6.7917924649e-01
TIYKSVTSWPAL	-1.7479098045e+00
TKFVPPTTIHWM	-8.4345352013e-01
TLALHQDAHYRH	-2.8175345701e+00
TLAPLLGEASGR	-4.5258722059e-01
TLFRTESNSHNP	-4.3060822252e-01
TLIPSNQQDFDN	6.4531254639e-01
TLVTGSVGTASC	-6.4278288043e-01
TMEPVNNKVLRS	-9.8065459533e-01
TMFTLLTRLPAS	-2.0746477329e-01
TMPKPIMNTCCK	-2.4046891509e+00
TNLSNSGFALMP	-2.0746483855e-01
TNMELDSLTTPA	1.9800040425e-01
TPDGHSVVHYTT	-9.8065462505e-01
TPDINCTSDCAH	1.0246787540e+00
TPIRPGYNMAGM	1.1788296001e+00
TPQWTQRIGDPN	-6.1292967467e-01
TQAFSAFNYHDT	-8.0530187660e-01
TRFPHTANNFAY	1.5678724437e-02
TRNHFDLVHARP	3.1578326414e-01
TRNTNLDYAMFT	2.7770941999e+00
TSCVELKNAVRL	1.2966126090e+00
TSGKHNNPPYYL	-1.5937590083e+00
TSGLMRVYSEAM	2.4492920225e+00
TSKAYFVHGHHL	-1.1882940067e+00
TSLLSAWSMNNV	-8.0530177910e-01
TSLSYTHTRWMQ	-1.0341433610e+00
TSMPFQGSVSPA	2.7210835283e-01
TSNDLNWVRTAQ	-1.4114376018e+00
TSPNPRDVAGSA	-7.1829057898e-01
TSRPGVLDYIHI	-7.1829032459e-01
TSSDWLQPGVDA	-9.6960492866e-01
TTAAGHTFGTFY	4.2852388108e-01
TTDFRTRAPEYN	-6.1292986713e-01
TTFRGPINSYFT	-1.3335680845e-01
TTLKPSSNIVMF	-2.0792672119e+00
TTLTTSPADPVE	-6.1292990994e-01
TTNMSWVYPSGH	-2.5428394524e+00
TTPVNVNWPYSA	-1.1679266983e+00
TTQPTPNDGFAA	-9.5467930327e-01
TVAVVQLGWSPY	-7.0390161139e-01
TVLDSLENIAPL	-1.3601443635e+00
TVPGAALYGESS	1.8719768015e+00
TVVAWRPYHDTN	4.3849515743e-02
TYAPGRGVNDLP	-1.3445433802e+00
TYCYDLARWRTN	1.1098899717e-01
TYIKVGNEKYLQ	3.8032177166e-01
VAAIPAILTTGT	-8.4345352776e-01
VADALPQISSNS	-4.4945907634e-02
VADHWGNTPWTS	-1.1882939463e+00
VAFRADSLTQIP	-3.0277474416e-01
VAGSRSYHYGAA	-2.0175733892e+00
VAHENSNTSSLT	-9.9592226140e-01
VALQGLPPRVYS	6.6336353592e-01
VARSHEYIFKYL	-1.3308764857e-02
VATWSSKDTRSS	1.9800027235e-01
VCHLVMYACTYS	1.4665116419e+00
VCISCTMTRVLT	-6.1292986305e-01
VEALFMVADAGG	-1.3970488888e+00
VEDHSLMSFNEG	2.6253881637e-01
VEDYTVVTHNSP	-3.2524789342e-01
VEGQNLEALVTD	1.5197563208e+00
VEHSRIYNLLKL	-5.2591853482e-01
VESRSSDMWVSV	2.6253884401e-01
VEWPEVYRNVSQ	-3.3644650669e+00
VFMDPDKDLSVR	-3.2524783181e-01
VFTPSMFLRHGA	-6.3234807519e-01
VGFSGALQSGRP	-5.5577150806e-01
VGHRGDGSPLNT	3.5215114392e-01
VGLNSPTLSLQE	-8.2650402706e-01
VGPTYIMRSALT	-4.0410675204e-02
VGTALPAHTLFI	-4.9514690248e-01
VGYPSLTLSRDQ	1.7240565940e+00
VHPVLSAVTPVN	-2.8224245141e+00
VHVNATNWPNWR	1.0246788251e+00
VHWDKIFTTLLT	-8.5409195127e-01
VIPNHFPITFTN	-1.1215455707e-01
VIQIRGISHPAV	-3.2031970881e+00
VIRDTLRGVASP	-1.3060771516e+00
VITNLSYAHTLS	-4.2385068789e-02
VITRSPDIGSNG	-7.0390183125e-01
VKVSSNPHPNHF	2.8723146542e-01
VLHKNALNLVTA	-1.0947679719e+00
VLLPPRSTLSTM	4.8568240982e-01
VLNSDVTILASA	-5.3313988465e-02
VLSGWLRSIDND	2.8501165142e-01
VLSWQHPRHVSL	-1.7319094703e+00
VLTYDSLTYRTM	-1.1697406116e+00
VLWGGKPTNLMA	-7.1829043051e-01
VMGYTPLRWQAR	1.5842947843e+00
VNLVTTAYGDAS	3.1862824314e-01
VNQSKHAFTSAL	6.0704332789e-01
VNRSHEGNQLRY	-6.1292971280e-01
VNSPRSGLAEHV	-4.9514680361e-01
VNVWGGKSGDVA	7.7336451801e-01
VNYWRDVLPLIL	-1.1725457176e+00
VPASQLLESPGS	1.3729857555e+00
VPFEVFHKYWGL	-5.8215817858e-01
VPGSLPHTGTGA	6.1093189153e-03
VPILPSVAISRS	1.4972831363e+00
VPLSQNGYPTYG	-1.0738123415e-01
VPLWDIMMARVV	-2.7200322272e-01
VPNEPGFSISWL	1.5561237179e+00
VPSMSGDMHAPF	-2.9447623904e-01
VPVLSCYIENCN	-1.5609693968e+00
VPYSSSLWIDTV	7.3699688911e-01
VQCTSLVTVRTN	1.7384452378e+00
VRNTWSYSPIAG	-3.0277503681e-01
VSELGTRVASTV	-5.4393710045e-01
VSESHWLMPGRT	1.7253733365e+00
VSFIHNGQTYRM	-2.0746486184e-01
VSGDQQGPTFLH	-1.5573915933e+00
VSHNVLPGRGNH	5.3447269929e-01
VSISNNAVRTTS	8.0688724127e-01
VSPIALASVTLY	2.0141511607e+00
VSPRLASLYKTM	-9.0061183033e-01
VSQLPPVKCNEP	-6.1293001186e-01
VSTLGSPFVNCS	-9.0061188548e-01
VSTPRPDILLRS	-7.6708040283e-01
VSTRMNPFDTSL	-1.2059935790e+00
VSYDYDWTGSKN	4.3849477816e-02
VTAGTVETSITV	-8.2056918775e-01
VTFDVFWGSRWP	6.9597791210e-01
VTKTFTSNVSVG	-3.7451900311e-01
VTLYPSGSSELT	-7.9525146234e-01
VTPYSTVWVAGP	-1.4442272986e+00
VTSSKLGNWRSS	1.4921011545e-01
VTTPEQPRRYEL	2.7804313755e-01
VTVADPNFHVLF	1.4332955911e+00
VTYVVQERGTYH	-1.0183951050e+00
VVACVGEHRSRG	-2.0457442958e+00
VVQPSNFHKSSH	-3.1282540226e-01
VVTFTRLPETWN	-8.6424428539e-01
VWTMGSTAGQVL	5.6166818556e-01
VYCAGSLHEYAS	3.5215098378e-01
VYHQHVVGPQGW	-2.8385539944e+00
VYPYSIWSNPFP	-3.7451878178e-01
VYYRNMPTGVST	2.8897193378e-01
WAPFPDGYYTPT	-4.2487748357e-01
WAPSFLEEPPII	1.0269046297e-01
WASHSGDNSDPV	5.4630706305e-01
WEPMFKDDSSVH	4.8568244567e-01
WGTLAYSASVSW	8.9114751562e-01
WHTGFPYTMYDW	8.0217178470e-02
WHWSDALNSIIN	-2.3219974608e+00
WHYDYDTLMAAL	-1.0947678116e+00
WIKTSVARWPTS	1.8148185257e+00
WLGSNLNYGTAL	-2.1068549906e+00
WMADQPKGLRAQ	5.4899411246e-02
WMRQSDVNLYYD	8.4235736558e-01
WMSCDATLCSRK	-2.0457442978e+00
WNWSSPTSSTVT	-1.8169027599e+00
WPLQQAIADYLY	-6.7941331345e-03
WPSSDFWLRQIG	-5.6200981665e-01
WRLDSEWERIPT	-2.0746482361e-01
WSHDPKDILYQT	1.2684417178e+00
WSPFARLPWHLM	-3.1869051483e-01
WSVPMEYLRPYT	-2.7200319840e-01
WTRTYDSVESRD	-3.4099628156e-01
WVSRMGKADYYH	-2.2388971825e+00
WVTNGLRLYLHY	3.4979439766e+00
WWPGYDALRPFL	-7.5751114347e-01
WYHQPSTDPMFM	1.0269010954e-01
YADSVNNPHGQR	1.1926228369e+00
YALRAPFLGPLF	1.2276198375e+00
YALRSPHTTYVF	-1.2590094776e+00
YALYDPLNETQP	4.7663240765e-01
YASVYTGMRPEA	-1.4786898027e+00
YCEFVCRDRQIV	-1.0210430382e-01
YCLHPQVHGICV	-3.1319694431e+00
YDGRAVYSPRAC	1.5678711845e-02
YDPDNELTYDSR	-1.8472078416e+00
YDWPTMKQMTVT	7.7336434538e-01
YEHAMYRSAVLL	3.2533954135e-01
YELPRSGVYHNN	6.1761002737e-01
YFPSMDSPNTFL	-2.6153198040e-01
YGLAEFANTYNM	-1.1785266485e-01
YGSGLPVGDGTW	7.8293391191e-01
YHSRTWASLTEA	-4.4107945539e-01
YHTTGANWIMPV	7.8114661224e-01
YIGSSYVHAYAT	-3.8978641137e-01
YISAGQALAGIP	-2.3990008230e-01
YLCFMDTQCIES	-8.1360075190e-01
YLGIGRWSHNSY	2.4452036332e-01
YLNAPDVHWSYS	-5.7933051054e-02
YLPMQLVGTFSP	-2.4783011187e+00
YLRWDNNPSKNQ	-1.1519261734e+00
YMGLENRLKNHP	-2.0877775767e+00
YPAVQYHIKAHL	-1.5067480155e+00
YPISSLDRSSLR	6.3983303596e-01
YPMPRIVSDTTA	-2.4718286945e+00
YPMVQPIRPEVP	2.3082134689e+00
YPTDLYWIANWE	-4.0410727428e-02
YQRSITNFPLPR	-5.4393701273e-01
YQSLSRNLDQSL	2.4452048860e-01
YRADGAQSTTPF	1.0002007274e-01
YRGDPLSFYDHT	1.8925958756e+00
YRSASFPDSFKS	6.4468784216e-02
YSDCDRFVKRQC	2.8923939110e-02
YSHSVGYLPPVH	7.3699677841e-01
YSIYPDLRSASD	-1.7467483785e-01
YSVHQQVSETQF	1.0835192817e+00
YTFEYSDSAGSP	7.3080479232e-01
YTHTKERWTVVS	4.4996419698e-01
YTIEGGSGWQVL	1.2806122968e+00
YTQLTTTEDDLT	-3.6509359397e-01
YTTSLSTPTMAP	-7.8282902300e-01
YTVPINWDRGRV	4.3916228368e-01
YVLPSDTALLPI	1.4921003120e-01
YVRVNPSHDQRV	2.9152635618e-01
